user_id,name,email,signup_date
1,Allison Hill,donaldgarcia@example.net,2025-07-13
2,Javier Johnson,jesseguzman@example.net,2024-02-22
3,Kimberly Robinson,lisa02@example.net,2024-08-03
4,Daniel Gallagher,daviscolin@example.com,2024-12-14
5,Monica Herrera,smiller@example.net,2024-12-25
6,Laura Bush,stanleykendra@example.org,2025-06-16
7,Jamie Chavez,francisco53@example.net,2024-04-12
8,Maria Lynch,amandasanchez@example.com,2024-07-03
9,Margaret Hawkins DDS,perezantonio@example.com,2024-07-19
10,Thomas Bradley,jason76@example.net,2024-08-30
11,David Hoffman,julie69@example.com,2024-06-20
12,Brenda Snyder PhD,hernandezernest@example.net,2024-08-03
13,James Ferrell,tasha01@example.net,2025-07-07
14,Patricia Peterson,ryan70@example.net,2025-07-01
15,Jonathan White,harrellkenneth@example.net,2024-10-05
16,James Martin,georgetracy@example.org,2025-08-09
17,Sandra Parker,allenashley@example.org,2023-12-01
18,Mr. Philip Cannon,donnaarroyo@example.org,2024-04-10
19,Jenny Lewis,jenniferross@example.net,2025-01-17
20,Joseph Martinez,calebsmith@example.net,2024-03-16
21,Benjamin Welch,carlosjohnson@example.com,2023-11-20
22,Michael Lewis,jenniferkhan@example.net,2024-09-09
23,Rhonda Lee,hopkinsmichael@example.com,2024-09-05
24,Megan Joyce,brownjessica@example.org,2024-03-29
25,Jerry Henderson,steven17@example.net,2023-12-10
26,Kimberly Smith,housemelinda@example.org,2024-07-23
27,Dr. Steven Martin,gallowayjoseph@example.com,2024-04-25
28,Monica Logan,smoore@example.org,2025-09-07
29,Kimberly Adkins,williamsthomas@example.net,2024-01-23
30,Angela Lopez,leonardjoe@example.org,2025-08-18
31,Lauren Williams,barnesbrandy@example.net,2024-05-18
32,Michael Edwards,randy47@example.com,2025-08-09
33,Alexandra Howell,jonesjason@example.com,2024-01-04
34,Benjamin Sanchez,eric84@example.net,2025-09-18
35,Kendra Contreras,sarah12@example.com,2023-12-23
36,Juan Nelson,jenniferharris@example.net,2025-06-14
37,Danielle Odonnell,davisrodney@example.com,2023-11-01
38,Carlos Whitney,joycearnold@example.com,2024-11-13
39,Tony Vazquez,amydavenport@example.net,2024-11-06
40,Andrew Diaz,nolanjason@example.org,2025-01-29
41,Justin Baxter,sarayoung@example.org,2025-09-12
42,Sierra Johnson,kimberly63@example.com,2024-01-24
43,Janet Williams,dwalker@example.com,2024-05-10
44,Crystal Johnson,raymondramirez@example.org,2025-09-05
45,Martin Ross,sheila14@example.org,2024-11-27
46,Mrs. Linda Reed,samuel81@example.com,2025-07-18
47,Andrew Graham,michaeljones@example.net,2025-08-03
48,Mary Martinez,william65@example.com,2025-02-20
49,Cheryl Ortega,lbyrd@example.net,2024-11-19
50,Roy Torres,russellcarpenter@example.net,2024-05-22
51,Michael Dixon,donnacampbell@example.net,2025-01-04
52,Robert Potter,jeffrey32@example.org,2023-11-02
53,Miss Patricia Gibson,jennifercruz@example.com,2024-03-26
54,Abigail Potter,osbornejeffery@example.net,2024-10-12
55,David Charles,danderson@example.net,2024-10-22
56,Emily Fischer,usalazar@example.net,2024-08-06
57,Jill Moore,wcole@example.org,2025-06-04
58,Richard Washington,joshuajones@example.com,2024-03-19
59,Steven Miller,jessebenson@example.net,2024-03-04
60,Gary Owens,clarkrobert@example.net,2025-08-21
61,Spencer Johnston,wsmith@example.com,2025-04-02
62,Tiffany Barnes,tracynelson@example.com,2023-10-21
63,Michael Powell,marycalhoun@example.net,2024-10-24
64,Leslie Alvarado,dayderek@example.com,2024-02-09
65,Garrett Gibson,kathleen64@example.com,2024-04-01
66,Alec Ryan,jeffrey10@example.org,2025-08-24
67,Alex Hernandez,thomaswilson@example.org,2024-09-03
68,Jacob Obrien,stricklandfrank@example.com,2023-12-18
69,Eric Byrd,tsanders@example.org,2023-11-24
70,Lori Garcia,melissa91@example.net,2025-04-24
71,Jeffrey Wood,alexander67@example.org,2024-08-11
72,Steven Stevens,ryangross@example.net,2024-04-14
73,Kimberly Webb,lpetersen@example.com,2024-05-22
74,Timothy Ramirez,dsanchez@example.net,2024-12-19
75,Allen Rosales,tonykelly@example.com,2024-06-04
76,Meredith Hill,blackjames@example.org,2025-03-09
77,Peter Vaughn DDS,bwest@example.org,2024-05-02
78,David Beck,thomas85@example.com,2025-09-27
79,Heather Chavez,john13@example.com,2023-12-26
80,Pamela Lopez,joannahill@example.net,2025-09-12
81,Diane Garcia,kennethward@example.com,2023-10-10
82,Denise Mccann,heidi27@example.org,2025-06-28
83,Julie Alexander,tammyking@example.com,2023-12-22
84,John Ray,hernandezlisa@example.com,2023-12-01
85,Justin Butler,kimberlyjames@example.com,2024-05-04
86,Jessica Carroll,lynchjody@example.org,2024-12-30
87,Brad Allen,moorericky@example.net,2024-12-07
88,David Mann,ojones@example.com,2025-04-27
89,Mary Peck,owilson@example.net,2024-01-16
90,Charles Brown,brooke94@example.com,2023-12-29
91,Melissa Bender,mkim@example.org,2025-07-11
92,Lindsey Johnson,suzannehuff@example.net,2024-12-02
93,Phillip Underwood,hinesgregory@example.net,2025-01-18
94,Catherine Richards,ecosta@example.com,2024-07-24
95,Brian Martin,ssteele@example.net,2025-08-20
96,Krista Gibson,johnny16@example.net,2025-05-25
97,Sean Murray,lopezmichael@example.com,2024-12-30
98,Christina Dunn,samuel71@example.org,2025-09-10
99,Cynthia Moore,tranchristopher@example.org,2024-09-01
100,Ronnie Jimenez,william46@example.com,2025-09-15
101,Juan Reyes,michellehill@example.com,2024-06-04
102,Debra Smith,mary97@example.org,2024-08-21
103,Mr. Phillip Bennett,molly39@example.com,2024-03-18
104,Amanda Garner,qhughes@example.net,2025-09-15
105,Andrew Shaw MD,sawyerscott@example.net,2025-07-26
106,Charles Pitts,charlesharrington@example.com,2024-06-03
107,Marie Christian,ofinley@example.net,2025-07-09
108,Joshua Williamson II,wendy16@example.org,2025-04-07
109,Ashlee Jackson,rebecca05@example.org,2024-05-01
110,Charles Schmidt,georgemiller@example.com,2024-12-26
111,Thomas Thomas,dlittle@example.com,2025-01-29
112,Julie Roberts,charleslandry@example.net,2024-05-05
113,Melissa Bryant,james67@example.org,2024-03-21
114,Laura Haney,andrew64@example.org,2024-11-16
115,Natasha Williams,swall@example.org,2024-12-16
116,Mark Oliver,courtneyberger@example.net,2023-10-28
117,Amanda Diaz,christopherphillips@example.net,2024-07-29
118,Richard Walter,alyssa42@example.com,2025-07-29
119,Tracy Phillips,linda71@example.org,2025-04-03
120,Michael Craig,zcoffey@example.net,2024-06-23
121,Alexis Herrera,vrichardson@example.net,2024-04-08
122,Mark Watson,thomasharvey@example.net,2024-05-26
123,Maria Reid,tblankenship@example.net,2024-07-24
124,Tracy Torres,pwilson@example.net,2024-01-07
125,Michael Paul,umatthews@example.org,2025-07-08
126,Sandra Gilbert,antonio53@example.com,2024-08-20
127,Jack Pollard,amy50@example.com,2024-04-18
128,Tiffany Holloway,batesdarlene@example.net,2025-09-08
129,Gavin Zhang,caseyhubbard@example.org,2024-12-01
130,Crystal Schroeder,ramireztracey@example.org,2024-10-28
131,Ashley Delacruz,alexistyler@example.org,2024-12-03
132,Derek Martinez,vfox@example.org,2024-09-12
133,Kayla Rodriguez,soniawilliams@example.net,2024-10-15
134,Victor Brown,bboone@example.net,2023-12-17
135,Jill Lam,charlene12@example.com,2024-12-29
136,Michelle James,shawn96@example.org,2025-05-01
137,Matthew Rich,russellbeasley@example.com,2024-06-03
138,Jason Davis,qedwards@example.com,2025-08-27
139,Kara Davis,daviscolin@example.net,2024-06-28
140,Anthony Frye,elizabeth65@example.net,2025-08-17
141,Thomas Williams,caroline51@example.net,2024-10-04
142,John Boone,megan51@example.com,2024-11-22
143,Sarah Villegas,lynchdiane@example.net,2024-04-12
144,Michael Parker,michael22@example.net,2025-01-22
145,Patrick Bonilla,reesejason@example.com,2024-08-26
146,Eric Nguyen,wareeric@example.net,2023-11-05
147,Jeremy Coleman,nperry@example.net,2023-12-22
148,Douglas Gregory,trose@example.org,2024-03-09
149,Mrs. Christine Dougherty,kathrynroberts@example.org,2023-10-05
150,Casey James,vincentwhitaker@example.com,2023-11-21
151,Amanda Smith,atkinsbarbara@example.net,2024-07-21
152,Donna Sullivan,george97@example.net,2025-08-02
153,Ryan Sanchez,zwarren@example.com,2025-03-28
154,Richard Jones,schmidtjames@example.com,2024-06-12
155,Maria Hernandez,thomasjames@example.net,2024-01-19
156,Angela Bean,kmarshall@example.net,2024-08-23
157,Kristy Reid,michelle52@example.com,2023-11-18
158,Eric Hill,bellcharles@example.com,2024-08-25
159,Ronald Jones,gilbertwilliam@example.com,2024-11-27
160,Nancy Williams,marcalvarez@example.org,2025-08-30
161,Robert Monroe,wagnergerald@example.org,2025-02-28
162,Kelly Bishop MD,paul59@example.org,2025-04-28
163,Andrea Davis,umitchell@example.net,2025-09-03
164,Brittany Miller,sabrinacollins@example.net,2025-02-21
165,Kurt Hurley,angelica52@example.net,2025-02-24
166,Yolanda Gaines,lucasrodney@example.com,2023-10-13
167,Trevor Peterson,ilee@example.org,2023-11-25
168,Ashley Wise,stanleynancy@example.net,2024-01-03
169,Christopher Guerra,jenniferwilliams@example.com,2025-02-05
170,Jeremy Mitchell,pyoung@example.com,2025-09-04
171,Stephanie Lee,smurray@example.com,2024-10-01
172,Christopher Gonzalez,moniquewilliams@example.com,2025-06-29
173,Ashley Singleton,mitchellkathryn@example.com,2024-08-23
174,Sandra Davis,lisawilkerson@example.org,2024-07-29
175,James Hughes,brooksanthony@example.org,2025-06-04
176,Raven Taylor,samantha72@example.net,2024-09-06
177,Susan Smith,marydunn@example.net,2024-12-18
178,Ricardo Young,williamsrobert@example.net,2024-08-29
179,Taylor Carlson,chenbailey@example.net,2024-01-12
180,Lucas Allen,qlopez@example.org,2024-10-16
181,Troy Stephens,myerstheodore@example.net,2024-07-08
182,Paul Kelly,cooperjessica@example.net,2023-12-14
183,Nicole Anderson,amy27@example.net,2024-09-13
184,Chad Baldwin,mjohnson@example.org,2025-04-30
185,Emily Collins,ihays@example.com,2024-04-02
186,Cheryl Kelly,glennmartin@example.org,2025-05-06
187,James Gonzales,lmorgan@example.com,2025-02-16
188,Robert Adams,acostachristian@example.net,2025-09-26
189,Edward Garcia,donna47@example.net,2025-03-07
190,Jeremy West,christina64@example.net,2025-09-15
191,Angela Walsh,william20@example.org,2025-06-11
192,Jessica Martinez,kimberlydiaz@example.com,2025-08-24
193,Christian Cole,nathan19@example.org,2024-10-21
194,Matthew Wright,johnsonjacob@example.net,2024-07-08
195,Deborah Green,nlewis@example.com,2025-02-18
196,Mrs. Brandy Jones MD,zosborn@example.net,2025-09-06
197,Miss Michelle Pierce,patricia22@example.com,2024-10-05
198,Curtis Taylor,jjohnson@example.net,2024-06-25
199,Kristen Salazar,jonesraymond@example.net,2025-03-08
200,Patricia Morrow,martinezlogan@example.org,2024-08-23
201,Haley Humphrey,katrinaanderson@example.net,2025-07-26
202,Caleb Hernandez,fernandodonovan@example.org,2024-06-08
203,Stephanie Singleton,james84@example.org,2024-12-29
204,Anna Davidson,georgeweber@example.net,2024-06-02
205,Amanda Shields,williamsdarlene@example.net,2024-04-10
206,Kenneth Montgomery,jimenezcourtney@example.com,2025-01-11
207,David Aguirre,eevans@example.net,2023-11-12
208,John Harris,larryhiggins@example.net,2025-09-21
209,James Hodges,floressteven@example.com,2024-08-23
210,Anthony Dougherty,kwright@example.com,2025-08-12
211,Cheryl Moore,tjimenez@example.com,2023-10-16
212,Kathy Levy,brandywilliams@example.com,2024-09-25
213,Martha Ruiz,booneryan@example.com,2025-03-14
214,Holly Morales,michaelroberts@example.com,2024-10-02
215,Diana Hays,andersoncolin@example.com,2025-05-03
216,Todd Fischer,carriemorales@example.org,2023-11-02
217,Gary Wells,ghernandez@example.org,2024-05-26
218,Carla Ewing,brittney88@example.net,2024-09-22
219,Karen Smith,emily69@example.com,2025-05-04
220,Melissa Johnson,pbaker@example.net,2024-11-25
221,Lauren Jackson,rhernandez@example.org,2023-10-23
222,Ashley Smith,robert63@example.com,2024-09-30
223,Kaitlyn Charles,thorntonapril@example.net,2024-05-24
224,Kelly Edwards,stevepatel@example.net,2024-06-14
225,Michelle Schneider,chelsea33@example.com,2024-11-10
226,William Evans,janet75@example.com,2024-06-10
227,Rebecca Hill,berryamy@example.com,2025-05-20
228,Regina Roberts,stephanie15@example.com,2025-01-21
229,Cindy Clayton,sarah42@example.org,2024-12-23
230,Dana Santiago,danawilliams@example.com,2024-05-28
231,Michael Taylor,richarddonovan@example.com,2024-09-13
232,Victor Morris,velezchristopher@example.net,2024-03-17
233,Sarah Johnson,robertmonroe@example.org,2025-09-27
234,Jon Zuniga,nancy04@example.net,2024-12-13
235,Frances Gibson,ismall@example.net,2024-09-06
236,Brian Martin,twong@example.org,2023-10-10
237,Edward Craig,gregorychase@example.com,2025-05-26
238,Angie Caldwell,tinawoods@example.org,2023-10-04
239,Jeremy Adams,kevin90@example.com,2025-01-19
240,Amy Wilson,erik84@example.net,2023-12-24
241,Elizabeth Mendez,susanmendoza@example.com,2025-03-29
242,Jennifer Dunn,ztodd@example.net,2025-05-25
243,Melanie Larson,foxallison@example.com,2023-11-26
244,Amy Kelley,ashleyhernandez@example.com,2025-06-15
245,Michael Love,gdavis@example.com,2025-05-13
246,Jose Bryant,hansenemily@example.com,2025-03-11
247,Robert Reese,williamsmelvin@example.org,2024-10-29
248,Steven Andersen,ajohnson@example.org,2025-04-14
249,Veronica Brewer,ybrooks@example.com,2025-06-26
250,Jaime Vega,desireebailey@example.org,2025-09-24
251,Cameron Irwin,avilatiffany@example.com,2025-02-03
252,Kim Morrow,stevenmoore@example.org,2025-08-15
253,Ashley Pacheco,bmendez@example.org,2024-02-27
254,Andrew Harper,sanchezbradley@example.com,2024-03-19
255,Scott Brown,jim95@example.net,2024-12-10
256,Erica Turner,valerieboyd@example.com,2024-05-06
257,Travis Hobbs,conniesimmons@example.com,2023-11-03
258,Mason James,heather62@example.com,2024-07-01
259,Kara Atkinson,meredith27@example.org,2024-11-14
260,Kristin Anderson,jonathanrivera@example.org,2025-08-04
261,Anna Hardy,brettbennett@example.net,2024-12-13
262,Chelsea Gill,timothybooth@example.com,2024-05-08
263,Christy Lee,burgesskaren@example.org,2025-02-19
264,Jennifer Allen,kimberly67@example.net,2025-01-16
265,Ian Andrade,ugarcia@example.com,2025-04-08
266,Dale Edwards,hartjeffrey@example.org,2023-10-11
267,Lauren Cortez,elijah53@example.com,2024-11-19
268,Juan Harding,jonathan77@example.com,2024-01-30
269,Caroline Cortez,iwhite@example.net,2025-08-29
270,Sara Jones,duranrobert@example.net,2024-03-17
271,Alexa Wagner,bruce97@example.net,2024-09-20
272,Juan Smith,amanda40@example.net,2025-05-16
273,Renee Browning,hullalice@example.org,2024-02-17
274,Robin Adams,zmiller@example.com,2024-11-16
275,Courtney Sutton DVM,davisnicholas@example.net,2024-09-11
276,Michele Miller,vnewman@example.net,2025-09-13
277,Stephanie Ellison,jasonparrish@example.net,2024-09-11
278,Benjamin Frost,whitemelissa@example.org,2025-09-01
279,Nicole Marquez,thickman@example.org,2024-11-15
280,Sarah Rhodes,patrick21@example.net,2025-03-27
281,Brent Hall,petersonkayla@example.net,2024-07-15
282,Alyssa Nelson,whenry@example.net,2025-08-17
283,Michael Guerrero,bartonkenneth@example.org,2025-03-04
284,Christian Dawson,jodistewart@example.org,2023-12-05
285,Jill Juarez,andersonjacob@example.com,2024-11-10
286,Ashley Davis,carlsonkristen@example.com,2023-10-09
287,Richard Hardy,ashleyjackson@example.com,2024-01-31
288,Derrick Thomas,ryanfisher@example.com,2025-04-24
289,Tony Le,mwheeler@example.com,2023-12-17
290,Travis Cook,vbrock@example.com,2024-05-31
291,Shannon Mccann,kevinmorrison@example.net,2024-02-23
292,Vincent Novak,jessica79@example.org,2024-05-25
293,Richard Diaz,brittanygardner@example.net,2025-04-13
294,Nicholas Hahn,samuelcarter@example.net,2023-11-19
295,Rebecca Chambers,cynthiaallen@example.net,2024-01-20
296,James Cole,iaguilar@example.net,2025-08-05
297,Jennifer Johnson,jacqueline89@example.net,2025-07-29
298,David Ortega,deborahwilliams@example.net,2025-02-06
299,Paul Sheppard,grodriguez@example.com,2024-03-10
300,Kristin Watts,seanmyers@example.net,2024-12-03
301,Haley Johnson,phillipssamantha@example.org,2023-12-23
302,Brenda Collins,hmueller@example.com,2024-06-10
303,Nathan Chavez,evanslisa@example.org,2023-10-16
304,Brian Marsh,zacharyarnold@example.com,2024-11-12
305,Crystal Sullivan,jacobsandoval@example.com,2023-10-21
306,Christina Vargas,nsmith@example.org,2024-04-20
307,Rebecca Ray,michaelgonzalez@example.org,2024-04-08
308,Kelsey Fowler,lcarr@example.org,2024-06-10
309,Lisa Cervantes,samantha91@example.net,2024-01-05
310,Eric White,williambarnes@example.org,2024-11-23
311,John Medina,angelaburns@example.org,2024-02-13
312,Lisa Glenn,washingtonjames@example.com,2025-09-03
313,Kathleen Cohen,cmckinney@example.com,2024-01-30
314,Rebecca Walker,hillamanda@example.org,2025-04-22
315,Patricia Simpson,armstrongjoseph@example.net,2025-05-23
316,Rodney Williams,bpayne@example.org,2025-03-21
317,Danielle Golden,colemichael@example.org,2024-08-15
318,Patricia Young PhD,michelle96@example.org,2024-12-23
319,Robin Trujillo,amanda98@example.org,2024-05-23
320,Donna Adams,taylorkaren@example.com,2025-08-01
321,Sharon Martinez DVM,dustinmorris@example.org,2025-04-08
322,Katherine Ray,courtney67@example.org,2025-01-05
323,Anna Robertson,heather57@example.com,2024-05-26
324,Raymond Oconnor,sreid@example.com,2025-06-12
325,Jennifer Donaldson,troymorris@example.com,2024-06-02
326,Kylie Washington,patricia00@example.org,2024-12-30
327,Alexis Noble,scottsmith@example.com,2024-02-24
328,Bonnie Santos,nancymcdowell@example.org,2025-01-20
329,Jacob Mckee,brettgarrett@example.net,2025-02-22
330,Matthew Padilla,lewischristian@example.net,2024-03-13
331,Alexandra Dominguez,mcneilrobert@example.org,2024-09-13
332,Brandon Shaffer,edwardsnicole@example.org,2024-07-05
333,Shelly May,caseyelliott@example.net,2025-01-17
334,Nathan Fuller,samanthajensen@example.com,2025-06-19
335,Brian Goodwin,bbell@example.com,2025-04-30
336,Matthew Wright,kimberly04@example.org,2024-10-12
337,Nicole Phillips,bowerslaura@example.org,2024-09-25
338,Jonathan Wheeler,hatfieldsarah@example.org,2024-07-08
339,Jennifer Payne,kathrynbest@example.org,2023-10-12
340,Dennis Williams,fryraymond@example.com,2025-01-01
341,Jennifer Miles,davidsonamanda@example.org,2024-04-19
342,Jorge Harris,amandamyers@example.net,2025-04-09
343,Maria Collins,pblair@example.org,2024-03-26
344,Audrey Salazar,parkerjudith@example.net,2024-02-05
345,Chad Smith,hbenton@example.net,2025-04-24
346,Carol Martinez,jessica10@example.com,2025-05-11
347,Austin Joseph,crawfordwilliam@example.org,2024-09-29
348,Holly Scott,shannonemily@example.org,2024-03-14
349,Amanda Roy,brandoncox@example.org,2024-02-07
350,Amanda Pratt,pwalker@example.com,2025-07-30
351,Roger Duncan,shawrachel@example.org,2024-03-11
352,Amber Morales,xcline@example.com,2024-05-26
353,Aimee Gonzalez,jodi37@example.com,2024-12-05
354,Raymond Gonzalez DVM,edwardrandolph@example.org,2024-03-18
355,Ryan Wiley,aaron64@example.org,2024-02-26
356,Mrs. Tonya Kaufman,jenniferdavis@example.org,2025-07-16
357,Mercedes Watson,carpenterwilliam@example.net,2025-05-21
358,Keith Graham,joelgreen@example.com,2025-08-06
359,Ronnie Nguyen,enelson@example.org,2024-01-07
360,Ashley Garcia,aowens@example.org,2024-10-25
361,Christine Parker,melissa12@example.net,2024-05-09
362,Lindsey Lewis,eddie35@example.com,2024-10-09
363,Debbie Ewing,cranemelissa@example.net,2025-03-29
364,Joel Lara,davidbrown@example.org,2024-01-03
365,Jacqueline Mccoy,aguilarjonathan@example.org,2023-10-15
366,Steven Ramos,christopherboone@example.com,2023-12-28
367,Amber Glass,zunderwood@example.com,2023-10-21
368,Carrie Lewis,joshuagriffin@example.org,2023-10-25
369,Danielle Phillips,eandrade@example.org,2023-12-03
370,Jason Day,crystalpham@example.org,2025-09-22
371,Heather Stephens,kcooper@example.net,2024-05-22
372,Alexander Harper,huangkimberly@example.org,2025-05-13
373,Hunter Silva,terrigarcia@example.net,2024-03-24
374,Raven Mclaughlin,barbaramcgrath@example.com,2024-06-15
375,Sarah Thompson,linda59@example.org,2025-02-25
376,Keith Thomas,marycochran@example.com,2024-10-30
377,Andrew Brown,andrewwoods@example.com,2025-07-31
378,Carlos Love,brian29@example.net,2025-07-31
379,Sarah Valencia,brookssheri@example.com,2024-12-01
380,Frank Daugherty,fconner@example.net,2024-05-18
381,Kristina Preston,jeffrey92@example.com,2024-05-11
382,Bethany Daniel,xrosales@example.net,2023-10-23
383,Tammy Ponce,daniellegarcia@example.com,2024-01-10
384,Cynthia Haas,daisymccarty@example.net,2025-01-31
385,Gabriela Smith,johnjones@example.com,2025-04-27
386,Amber Kim,acosta@example.com,2025-07-05
387,James Poole,franciscojones@example.org,2024-05-02
388,Trevor Jones,pamelamartin@example.org,2024-11-02
389,Anna Wheeler,bbush@example.net,2024-01-28
390,Brooke Garcia,terriortiz@example.net,2025-03-10
391,Deborah Campbell,codylong@example.net,2025-06-04
392,Isaac Patterson,madison97@example.org,2023-12-09
393,Mark Rowland,tanthony@example.com,2024-09-08
394,Deborah May,ylopez@example.com,2024-02-13
395,Jeremiah Baker,anne21@example.org,2025-01-30
396,Jennifer Avila,angelarandall@example.net,2024-08-01
397,Sharon Wells,thomasmiller@example.net,2023-10-25
398,Kellie Duncan,davidtodd@example.org,2025-08-23
399,Daniel Lee,hendersonvanessa@example.com,2024-02-24
400,Brittany Larson,renee11@example.com,2024-11-09
401,Shannon Stone,buchanancindy@example.net,2025-04-23
402,Chase Knight,buckleyanna@example.org,2025-04-26
403,Sheryl Humphrey,patrick79@example.net,2024-09-09
404,Jamie Montgomery,vwilliams@example.net,2024-03-21
405,Tammie Prince,morganlaura@example.com,2024-04-21
406,Michael Garcia PhD,kevinmanning@example.com,2024-04-13
407,Matthew Lopez,robinrussell@example.com,2025-04-07
408,Samantha Robertson,cameronmckinney@example.com,2024-01-07
409,Sherry Johnson,nancygonzalez@example.org,2024-03-30
410,Thomas Bush,micheal78@example.com,2025-01-06
411,Andre Watson,ethompson@example.net,2024-11-06
412,Ryan Green,mitchellpaul@example.org,2025-06-15
413,Cindy Walker,ericaadams@example.com,2024-10-09
414,Tracy Fleming,pbuck@example.org,2024-12-12
415,David Trujillo,jennifer46@example.com,2025-06-13
416,Daniel Turner,asilva@example.net,2025-09-29
417,Sara Hoffman,kenneth17@example.org,2024-06-01
418,Frederick Hill,jacob83@example.org,2025-05-10
419,Lindsay Guerrero,jenniferrios@example.com,2024-04-06
420,James Johnson,matthewreeves@example.net,2024-10-24
421,Susan Powers,megan82@example.com,2023-12-10
422,David Stokes,staceylam@example.net,2023-12-04
423,Patrick Parker,nathan94@example.com,2025-06-13
424,Sean Silva,kennedyjames@example.org,2025-06-25
425,Edwin Brown,derrickgonzalez@example.com,2025-09-20
426,Victoria Thomas,kimberlyfreeman@example.net,2025-09-20
427,Anthony Hayes,kathleenjackson@example.org,2024-09-21
428,Anita Mendez,epowell@example.com,2023-10-03
429,Monica Dodson,katherine83@example.org,2025-02-05
430,Danielle Steele,larry16@example.net,2024-12-03
431,Rodney Evans,stephen89@example.net,2024-06-02
432,Whitney Cooper,mhoward@example.org,2025-08-23
433,Jennifer Perez,jasonjohnson@example.net,2024-01-31
434,Matthew Johnson,kelsey90@example.net,2025-09-26
435,Martha Smith,butleromar@example.net,2024-04-01
436,Christine Jennings,turnerdorothy@example.net,2024-10-14
437,Mercedes Barnes,huntchristine@example.com,2023-12-22
438,Craig Gonzalez,marie35@example.net,2024-07-25
439,Joshua Lozano,arivera@example.org,2025-02-01
440,Sara Caldwell,stacychan@example.org,2025-03-11
441,David Hall,joseph01@example.org,2025-06-29
442,Heather Rhodes,grodgers@example.org,2023-10-07
443,Matthew Murphy,rfriedman@example.net,2023-12-06
444,Catherine Morales,ynelson@example.net,2025-06-12
445,Mariah Robles,andersonjessica@example.org,2023-12-14
446,Karen Carroll,ywhite@example.com,2024-12-19
447,Sheryl Acosta,timothyfreeman@example.com,2024-08-17
448,Matthew Smith,tiffanysantiago@example.com,2024-10-13
449,Lisa Reynolds,timothyalvarado@example.net,2024-07-07
450,Kristin Huerta,smithsarah@example.net,2025-06-11
451,Sheila Jones,vflores@example.com,2023-11-05
452,Mason Powell,christianwallace@example.net,2024-08-22
453,Jillian Wilson,bmcgee@example.org,2024-07-20
454,Joshua Petersen,pamela83@example.net,2025-02-01
455,Heidi Brown,meganrivera@example.net,2024-12-11
456,Heidi Chavez,malonejeffrey@example.com,2024-06-15
457,Rebecca Kelley,jacqueline02@example.com,2024-01-10
458,Mikayla Rodriguez,jacobconrad@example.com,2024-03-05
459,Cheryl Morgan,owilliams@example.net,2024-12-03
460,Joanna Barrett,tamarasmith@example.net,2023-11-04
461,Sara Webb,heatherthompson@example.org,2023-12-14
462,Lisa Morris,mbarnes@example.net,2025-04-09
463,Victor Waller,iballard@example.com,2024-12-13
464,Kayla Cameron,jennifer83@example.org,2024-03-01
465,Melissa Morse,tinasantos@example.org,2024-10-02
466,Erica Wilson,anna99@example.net,2025-03-02
467,Stephanie Ferguson,hstokes@example.org,2023-10-18
468,Michael Gonzalez,tonyavega@example.org,2025-06-04
469,Elizabeth Molina,howardshaun@example.net,2025-06-25
470,Sharon Newton,yyoung@example.net,2024-04-27
471,Tammy Hughes,tammy00@example.net,2024-03-31
472,Priscilla Berg,rhondabush@example.net,2024-06-24
473,Nancy Gonzalez,kellythompson@example.net,2023-11-23
474,Nancy Wilson,pattersonangela@example.org,2024-01-25
475,Abigail Owens,billmcfarland@example.net,2023-11-06
476,Lisa Stanley,jtyler@example.com,2023-11-22
477,Kelly Krueger,hartmanerik@example.net,2024-10-26
478,Daniel Lewis,mark43@example.net,2024-10-21
479,Samantha Zavala MD,sean99@example.org,2025-08-30
480,Erica Moon,cruzamber@example.com,2023-10-18
481,Patricia Robertson,stucker@example.net,2024-02-17
482,Tiffany Jackson,simsjason@example.net,2025-04-17
483,Jessica Garcia,elucas@example.net,2025-02-12
484,Mitchell Johnson,brownlaura@example.net,2023-11-20
485,Susan Russell,bmccoy@example.com,2023-10-12
486,Kimberly May,avilabrenda@example.net,2025-06-11
487,Jonathan Roberts,catherine47@example.com,2024-07-14
488,Kara Ferguson,julierobles@example.net,2024-05-02
489,Elizabeth Eaton,susan08@example.net,2024-01-11
490,Kenneth Long,torreskaitlin@example.net,2024-06-07
491,Matthew Hunt,jackjensen@example.com,2024-02-19
492,Robert Phelps,enewman@example.com,2025-02-02
493,Craig Carpenter,michael31@example.com,2024-12-25
494,Emily Hayes,heather29@example.net,2024-06-22
495,Jeffrey Smith,kristenjoseph@example.net,2024-08-13
496,Brandy Quinn,wford@example.com,2024-09-19
497,Matthew Miller,michele28@example.org,2024-04-09
498,Angela Jones,atkinsoncrystal@example.net,2024-11-26
499,Christy Johnson,amy87@example.net,2025-04-18
500,Daniel Barton,dennis88@example.org,2024-07-16
501,Mary Charles,katherinetaylor@example.org,2024-02-07
502,Mary Faulkner,ccrosby@example.org,2025-04-08
503,Dennis Young,aprilmoody@example.com,2024-09-07
504,Anthony Hooper,dakota84@example.net,2024-04-09
505,Carrie Valdez,briana18@example.com,2024-07-01
506,Kelli Gomez,tommy79@example.org,2024-09-30
507,Christopher Jones,jason22@example.com,2024-12-13
508,Mary Perry,jennifer77@example.com,2024-03-02
509,Roy Johnson,andersonbrittany@example.org,2025-01-02
510,Kenneth Brown,sandra86@example.net,2025-09-07
511,Sherry Luna,stacey37@example.net,2025-09-24
512,Carolyn Greer,laurahoover@example.org,2024-12-28
513,Carol Jennings,ecarlson@example.org,2024-07-02
514,Alan Mills,mserrano@example.org,2024-02-06
515,Linda Rich,davisdonna@example.net,2024-10-28
516,Todd Gregory,xboyd@example.org,2025-02-20
517,Todd Olson,zbell@example.net,2025-07-24
518,Laura Coleman,thomas31@example.com,2024-12-10
519,Deanna Smith,lanedavid@example.org,2024-06-30
520,Robert Ortiz,mooredenise@example.com,2024-04-08
521,Krystal Carr,afischer@example.net,2025-04-24
522,Mr. Justin King,becky62@example.net,2023-12-26
523,Richard Avery,lewisrichard@example.com,2025-05-07
524,Melinda Williams,aoconnell@example.org,2025-05-23
525,Kyle Davis,jeffrey19@example.org,2025-03-12
526,Jennifer Douglas,jennifer90@example.org,2025-01-10
527,Dakota Sandoval,james98@example.net,2025-02-21
528,Megan Ward,cantrellchristopher@example.com,2025-04-21
529,James Willis,mclaughlincasey@example.org,2024-11-04
530,Kristin Aguilar,sylvia43@example.net,2025-09-02
531,Jared Smith,richardrodriguez@example.org,2024-10-01
532,Bruce Palmer,nancy94@example.net,2024-08-18
533,John Sanchez,susan77@example.net,2025-06-21
534,Mr. James Kramer,ericahall@example.com,2024-07-27
535,Joseph Haynes,john16@example.net,2025-03-30
536,Justin White,michael94@example.org,2025-08-22
537,Susan Porter,jimmyallen@example.com,2024-02-28
538,David Montgomery,kimberlywilson@example.org,2025-02-05
539,Lisa Duran,charlesnathan@example.com,2024-09-23
540,Dr. Sheila Henry,raymond92@example.org,2024-10-18
541,Todd Johnson,phillip27@example.org,2025-02-21
542,Michael Smith,nicolasgarcia@example.com,2024-12-20
543,Joshua Young,vmullen@example.com,2024-02-11
544,Jason Goodwin,melissa47@example.org,2024-11-20
545,Melissa Olsen,linda86@example.com,2024-02-20
546,Nancy Kennedy,thompsonvictor@example.net,2024-10-11
547,Rachel Evans,rosshannah@example.org,2024-03-05
548,Ryan Davis,jordan58@example.net,2025-08-11
549,Alejandro Martinez,barbarasantos@example.net,2024-02-04
550,Heather Nunez,champton@example.org,2024-07-04
551,Mark Thomas,daniellemcfarland@example.com,2025-01-03
552,Sarah Jones,matthewedwards@example.net,2024-04-29
553,Matthew Nelson,xnorman@example.net,2024-12-02
554,Jennifer White,martinezjimmy@example.com,2025-08-17
555,Angela Jackson,davissharon@example.com,2024-11-03
556,James Hubbard,garciachristine@example.org,2025-01-20
557,Ellen Wright,scott22@example.net,2025-06-03
558,Matthew Dalton,michelle78@example.com,2024-11-03
559,Travis Ryan,owelch@example.net,2024-08-12
560,Kimberly Stout,zfernandez@example.org,2024-08-17
561,David Torres,millskatherine@example.org,2024-06-07
562,Adam Weeks,xevans@example.com,2025-05-05
563,Rebecca Kelley,robertcastro@example.com,2024-03-30
564,Maria Clayton,josehenderson@example.org,2024-10-11
565,Lisa Benson,justin84@example.com,2024-02-14
566,Chad Rodriguez,rwilliamson@example.net,2024-12-28
567,Alec Williams,lopezcurtis@example.com,2023-12-30
568,Adam Davis,snydermatthew@example.com,2025-04-26
569,Mr. Michael Johnson Jr.,brianrowe@example.org,2024-10-31
570,Steven Wright,hclayton@example.net,2024-03-29
571,Jessica Rojas,gonzalezjill@example.org,2024-10-14
572,Mrs. Melanie Collins,eric08@example.net,2023-12-28
573,Mr. Isaac Williams,teresayoung@example.com,2024-05-24
574,Donald Wilson,albertwilliams@example.net,2024-09-11
575,Jacqueline Davis,vincentparks@example.com,2025-08-10
576,Lori Brown DDS,martinezjesse@example.net,2025-04-28
577,Renee Gonzales,andrewgray@example.net,2024-01-06
578,Karina Kim,amy73@example.net,2024-02-13
579,Nicholas Hill,caseymoore@example.com,2025-05-20
580,Jordan Parsons,bgross@example.net,2025-06-17
581,Cynthia Le,rlee@example.com,2025-04-11
582,Douglas Ortiz,daniel81@example.org,2025-06-01
583,Shane Harris,clee@example.net,2025-01-11
584,John Hanson,brandon39@example.net,2023-11-20
585,Christine Henry,mcdonalddanielle@example.com,2024-11-10
586,Jennifer Wood,colonjoseph@example.org,2025-03-19
587,Angela Lewis,garciajerry@example.com,2024-02-15
588,Danielle Garrett,angelagrant@example.net,2023-12-16
589,Heather Ellis,kandrade@example.org,2024-11-05
590,Mary Ferguson,umahoney@example.net,2025-09-23
591,Jacob Duran,umckenzie@example.net,2024-03-23
592,Jaime Pierce,michael77@example.com,2023-09-30
593,Duane Smith,victoriaturner@example.com,2025-09-18
594,Ethan Ingram,samantha88@example.net,2025-08-06
595,Andrew Kelly,josephpreston@example.org,2024-03-18
596,Anna Ross,jessicacummings@example.com,2024-02-03
597,Melissa Johnston,larsonkevin@example.net,2025-05-12
598,Richard Weeks,michael66@example.org,2025-06-26
599,Matthew Guzman,walterscrystal@example.org,2024-05-09
600,Joshua Hernandez,ericnunez@example.com,2025-09-08
601,Laura Davis,zroberts@example.org,2024-01-04
602,Kenneth Williams,zbaker@example.net,2024-08-12
603,Pamela Castillo,tonypearson@example.org,2024-11-13
604,Kelly Allen MD,kmorris@example.org,2023-12-21
605,Jacob Lee,brittney04@example.org,2025-09-20
606,Wanda Ramos,scottglass@example.org,2024-02-22
607,Peter Farrell,singhjohn@example.net,2025-08-07
608,Samantha Smith,torresthomas@example.com,2024-02-29
609,Christina Mills,ana92@example.net,2025-02-21
610,Kevin Alvarado,scottbrian@example.org,2025-04-28
611,Amy Pena,jonesdonna@example.net,2025-06-13
612,Sharon Smith,yhall@example.net,2025-09-12
613,Ethan Delacruz,lopezvincent@example.com,2024-11-12
614,Amanda Nielsen,matthew62@example.org,2024-06-09
615,Mario Young,lisa46@example.org,2025-08-20
616,Courtney Peterson,fsandoval@example.net,2024-07-05
617,Lisa Garrett,robertberry@example.com,2025-09-08
618,Erin Daniels,denisecarpenter@example.net,2025-05-06
619,Ellen Thornton,russellstout@example.org,2025-01-21
620,Brooke Jones,whitemary@example.org,2025-03-14
621,Sheryl Gutierrez,vturner@example.net,2025-08-12
622,Richard Rodriguez,anthonyodom@example.net,2024-04-12
623,Crystal Hall,howardhailey@example.com,2024-01-06
624,Julie Banks,melissahenry@example.org,2024-01-27
625,Jason Novak,stephanie33@example.org,2023-11-17
626,Victoria Camacho,dwatts@example.org,2024-08-07
627,Lisa Holloway,phillip99@example.net,2024-10-17
628,Rachel Meyer,cbryant@example.org,2024-10-13
629,Nicholas Grant,leescott@example.com,2025-04-17
630,Christopher Phillips,vaughnrebecca@example.com,2025-05-28
631,Nathan Wilson,phillipmorris@example.org,2024-02-07
632,Michelle Harris,udavis@example.net,2025-01-16
633,Carly Quinn,wilsonshannon@example.com,2023-12-01
634,Monica Hester,nicholasjames@example.org,2025-07-27
635,Mary Hernandez,haroldjoseph@example.com,2024-05-12
636,Tonya Roberts,davidanderson@example.org,2023-10-02
637,Alexandria Jimenez,astephens@example.net,2025-07-06
638,Kevin Alvarez,mramos@example.net,2023-10-04
639,Diana Fuller,brandonhernandez@example.net,2024-06-11
640,Andrew Lane,mark10@example.org,2024-07-30
641,Michael Carr,tammycurry@example.com,2025-08-10
642,Edwin Richardson,wwilkins@example.com,2025-06-07
643,John Martinez,mark68@example.org,2025-02-19
644,Ashley Blair,webbhaley@example.net,2024-04-26
645,Emily Fox,sara99@example.com,2024-10-13
646,Katherine White,jeanettekrause@example.org,2023-12-25
647,Robert Mclaughlin,laurenduarte@example.com,2023-11-02
648,Robert Lewis,hannahking@example.org,2024-05-11
649,Erica Smith,matthew99@example.org,2025-05-30
650,Roy Nielsen,zhendricks@example.org,2025-01-13
651,Mr. Steven Herrera,steven60@example.net,2024-05-05
652,Emily Herrera,barbararivera@example.com,2023-11-17
653,Ryan Morgan,ksims@example.net,2024-12-15
654,Bruce Patton,janet50@example.com,2024-07-28
655,David Hayes DVM,aliciathompson@example.com,2025-04-25
656,Susan Wallace,lloydrebecca@example.org,2024-02-16
657,Morgan Mills,douglas18@example.net,2025-09-24
658,Andrew Hughes,smithsarah@example.net,2025-06-10
659,Felicia Small,meyerdonna@example.com,2023-10-16
660,Margaret Clark,jameshill@example.com,2025-04-16
661,Denise Moore,smithcindy@example.net,2023-12-13
662,Kirsten Nelson,audrey21@example.com,2024-12-21
663,Jeremy Anderson,dberger@example.org,2024-07-06
664,James Bush,tjensen@example.com,2025-05-19
665,Megan Ferguson,fbradley@example.net,2024-09-06
666,Michael Mckinney,oruiz@example.org,2025-06-20
667,Susan Myers,kristina57@example.com,2023-10-22
668,Gregory Murray,justinbailey@example.net,2024-01-01
669,Robert Robles,angela14@example.net,2024-08-31
670,Cynthia Sanchez,terrireyes@example.com,2024-02-29
671,Jessica Baird,amy32@example.net,2025-01-31
672,Michelle Copeland,vargassteven@example.net,2023-12-10
673,Eric Sullivan,jenningscandace@example.com,2024-05-26
674,Amy Robinson,paigeberger@example.net,2025-05-13
675,Mary Chavez,peter97@example.org,2024-02-27
676,Elizabeth Bauer,samantha65@example.org,2024-11-28
677,Kayla Abbott,bryan80@example.org,2025-02-25
678,Heather Callahan,youngjacqueline@example.com,2024-12-30
679,Jennifer Graham,elainewells@example.org,2024-11-09
680,Heather Butler,whitney22@example.org,2023-11-21
681,Nathan Tucker,iproctor@example.org,2024-01-08
682,Shannon English,dhanson@example.net,2024-08-05
683,Janice Perez,kjacobs@example.com,2025-06-10
684,Jonathan Jenkins,arthur09@example.com,2025-02-26
685,John Vaughn,jessicafox@example.com,2024-09-03
686,Steve Davis,qmccoy@example.net,2023-11-26
687,Rebecca Edwards,bergeramanda@example.org,2024-09-06
688,Julie Gross,zgomez@example.com,2024-04-28
689,Thomas Curry,bryan79@example.org,2024-11-21
690,Dorothy Mclaughlin,mitchellchristopher@example.net,2023-11-25
691,Darlene Gilbert,michaela01@example.net,2024-02-04
692,Brittany Griffin,josehaynes@example.com,2024-02-09
693,Amanda Riggs,caitlinunderwood@example.com,2025-04-02
694,James Guerrero,jasonnavarro@example.com,2023-11-08
695,Robert Williams,tross@example.com,2025-03-28
696,Kim James,jwells@example.net,2025-06-27
697,Timothy Cole,suzanne01@example.net,2025-01-07
698,Jessica Hull,matthew41@example.com,2025-01-20
699,Raymond Curry,aprilbyrd@example.org,2024-05-16
700,Adam Jones,gdavis@example.net,2024-08-20
701,Douglas Lee,harveybrian@example.net,2025-01-21
702,Tiffany Little,millercassandra@example.com,2025-01-21
703,Kylie Coffey,dominguezjon@example.com,2025-01-24
704,Jesse Carney,qschwartz@example.com,2024-04-05
705,Destiny Brown,dcook@example.com,2025-08-28
706,Jeremiah Vasquez,chelseywhite@example.com,2023-12-18
707,Jessica Mendez,gainesjennifer@example.org,2023-10-25
708,Nicholas Waters,mosleyeduardo@example.net,2023-09-30
709,James Hernandez,rebecca90@example.net,2025-02-28
710,Karen Powell,fernandezaaron@example.net,2025-05-19
711,Mr. Timothy Howard,richard15@example.net,2025-06-14
712,Ryan Hodges,deborah28@example.org,2025-09-06
713,Elizabeth Price,mccoymichael@example.org,2025-07-08
714,Collin Johnson,cortezbrittany@example.com,2024-07-10
715,Maria Porter,blevy@example.org,2024-06-04
716,Nathan Sullivan,lindsaycontreras@example.com,2025-08-17
717,Kimberly Figueroa,sandyjohnson@example.org,2024-09-21
718,Terry Montgomery,jacquelineanderson@example.org,2025-01-04
719,Samantha Davis,marybrown@example.org,2023-12-22
720,Lisa Brown,ronaldcain@example.net,2025-02-06
721,William Johnston,marcoconnell@example.org,2025-04-10
722,Gabriela Martinez,katherinejackson@example.com,2024-11-07
723,Timothy Williams,moodycrystal@example.com,2025-04-20
724,John Smith,saramann@example.net,2025-07-09
725,Robert Barton,jamiebowman@example.net,2024-08-24
726,Christopher Holt,jennifersalazar@example.org,2024-12-31
727,Hannah Smith,jamesdowns@example.org,2024-12-25
728,Victoria Romero,qtownsend@example.org,2024-04-19
729,Robert Jennings,kjimenez@example.net,2025-08-04
730,Jackson Clark,matthew70@example.org,2025-03-24
731,Casey Floyd,erobertson@example.org,2025-03-10
732,Erika Gonzalez,jerry15@example.org,2023-12-10
733,Sheila Bennett,charlesrichards@example.org,2025-07-11
734,Timothy Gibson,dbrooks@example.net,2024-02-18
735,Derrick Rogers,schwartzbrian@example.org,2023-12-20
736,Jason Wolf,oliviamunoz@example.net,2025-08-26
737,Laura Tran,christophervincent@example.com,2025-06-21
738,John Ford,blairjill@example.org,2024-03-29
739,Daniel Pennington,robinvillanueva@example.com,2025-09-15
740,John Mack,simmonsphillip@example.net,2025-05-22
741,David Hansen,steelerichard@example.org,2024-01-05
742,Matthew Davis,kcaldwell@example.net,2024-08-30
743,Lauren Bray,tingram@example.com,2024-02-12
744,Lori Padilla,daltonchad@example.net,2024-05-30
745,Jeffery Nelson,kristinmiller@example.com,2025-03-20
746,Tony Leonard,rodriguezmichael@example.net,2023-10-29
747,Matthew Bush,devonrogers@example.net,2023-12-22
748,Todd Carpenter,karenhodges@example.com,2024-06-13
749,Michael Ramirez,watsonshaun@example.net,2024-10-19
750,Michael Gregory,shannon51@example.org,2025-07-12
751,Bobby Hurst,susan11@example.org,2024-04-18
752,Kathleen Golden,cartertara@example.net,2025-08-11
753,Jason Rojas,carterbryan@example.org,2025-06-01
754,Gabriella Lane,todd88@example.com,2024-08-29
755,Stephanie Parker,jeremy54@example.org,2024-01-16
756,Tyler Montgomery,jennifermitchell@example.org,2025-06-04
757,Mary Hernandez,darylchaney@example.net,2023-12-31
758,Cody Hart,wadetiffany@example.org,2024-06-28
759,Carla Turner,sullivanvictor@example.org,2025-08-22
760,Brittney Cordova,deborah47@example.com,2025-09-07
761,Wendy Estrada,hmorgan@example.net,2024-09-14
762,Michael Wilson,moralesmary@example.com,2024-06-17
763,Lee Lee,kimberlywang@example.org,2023-10-16
764,Jill Powers,daughertypreston@example.com,2024-05-19
765,Terri Kerr,raymond65@example.com,2024-06-28
766,Gregory Madden,lewispamela@example.net,2025-09-24
767,Donna Shaffer,achandler@example.org,2025-06-01
768,Briana Turner,carl96@example.org,2023-10-04
769,Denise Thompson,wpage@example.org,2024-02-22
770,Donna Henry,mary47@example.net,2025-03-23
771,Rick Moore,stephanie71@example.net,2025-01-28
772,Christopher Knox,anthonyhubbard@example.com,2025-09-25
773,Patrick Perkins,ooneill@example.net,2024-09-11
774,Barbara Hunt,brucefrancisco@example.org,2024-01-14
775,Michael Howard,nelsonrobert@example.com,2023-11-04
776,Mark Jones,katiewhite@example.org,2024-12-10
777,Frank Stewart,joseph51@example.net,2024-11-27
778,Alexandria Holmes,kimberly65@example.org,2023-12-13
779,Daniel Lopez,butlersabrina@example.org,2025-05-20
780,Karen Collins,don79@example.net,2025-04-10
781,Michael Johnson,walkermelissa@example.org,2025-02-13
782,Daniel Zavala,yvazquez@example.org,2023-11-25
783,Nicole Williams,johnsondonna@example.net,2023-11-12
784,David Jones,websterkimberly@example.net,2024-02-27
785,Cathy Bell,thomasjulie@example.com,2025-08-23
786,Christopher Mason,williamjones@example.net,2025-04-09
787,Michelle Brandt,rachelmedina@example.net,2023-12-11
788,Jonathan Zimmerman,helen27@example.net,2025-08-30
789,Henry Gray,willierussell@example.com,2023-12-29
790,Chad Farmer,angela01@example.com,2024-09-24
791,Jesus Fitzgerald,aperez@example.com,2025-09-19
792,Scott Jacobson,xcrosby@example.org,2023-10-09
793,Megan Sanders,wilsonralph@example.net,2024-12-04
794,Timothy Levine,coxjames@example.org,2024-12-07
795,Barbara Massey DDS,kathy99@example.com,2025-04-04
796,Terri Kelly,garcher@example.com,2024-01-15
797,Bryan Burns,courtneytaylor@example.org,2025-03-22
798,Kathleen Johnson,patrickshelton@example.org,2024-05-08
799,Paige Guerrero,msparks@example.com,2025-01-25
800,Dennis Cooper PhD,cisnerosanthony@example.com,2025-07-04
801,Jerry Farrell,cstevens@example.org,2024-11-09
802,Elizabeth Mccarthy,tjordan@example.net,2024-07-10
803,Laura Henry,kalvarez@example.net,2023-11-09
804,Kevin Gray,katie45@example.org,2023-10-20
805,Russell Bailey,hubbardcolleen@example.com,2023-12-10
806,Hunter Bell,johnwong@example.net,2023-12-01
807,Sheila Wilson,andrewnguyen@example.com,2025-01-22
808,Jose Fisher,dominguezbrianna@example.com,2024-07-02
809,Kenneth Stokes,vazquezjamie@example.com,2024-10-01
810,Gina Mendez,tara37@example.net,2025-06-10
811,Sara Herrera,joseph49@example.com,2025-05-10
812,Tina Robbins,vargasjoshua@example.net,2025-05-07
813,Daniel Flynn,william46@example.net,2024-10-28
814,James Weber,jpowers@example.org,2025-07-04
815,Kelli Lopez,vlewis@example.com,2024-04-12
816,Rhonda Farrell,umichael@example.net,2023-11-12
817,Joel Allen,megan65@example.org,2025-01-05
818,Debra Mitchell,jonathanburke@example.com,2024-03-22
819,Alexis Robles,steven86@example.com,2025-01-14
820,Christopher Taylor,kristine48@example.org,2025-01-12
821,Nathan Casey,heathchristopher@example.net,2024-05-04
822,Troy Mosley,sandersmary@example.org,2024-03-20
823,Kathryn Martinez,tyler13@example.net,2023-12-28
824,Erin Silva,vshaffer@example.org,2025-08-13
825,Brian Lewis,scott49@example.org,2024-09-22
826,Travis Stewart,pwells@example.com,2025-07-03
827,Heidi Baldwin,andrew90@example.net,2025-01-26
828,Melissa Mccormick,johnnycruz@example.net,2025-08-30
829,Robert Martinez,miaprice@example.com,2025-08-08
830,Elizabeth Mayer,kennethvillarreal@example.org,2025-07-30
831,Sherry Wang,rmccormick@example.org,2025-05-23
832,Kaitlin Gutierrez,jennifer12@example.net,2024-04-07
833,Jason Daniel,shawn00@example.net,2025-01-11
834,Rachel Taylor,tgonzalez@example.com,2024-11-23
835,David Reeves,melaniejennings@example.com,2024-08-25
836,Brandi Thompson,lauren31@example.com,2024-06-24
837,James Davenport,andrewjohnson@example.net,2025-01-15
838,Susan Mccann,josechristian@example.org,2024-07-19
839,David Davis,george91@example.org,2025-03-08
840,Thomas Chavez,twilson@example.org,2024-02-16
841,Rachael Roberts,breyes@example.org,2024-12-11
842,Diane Byrd MD,bsparks@example.com,2025-09-12
843,Jerry Wright,emiller@example.org,2025-06-28
844,Jennifer Lewis,verickson@example.net,2024-04-04
845,Anthony Cook,thomasgomez@example.net,2025-08-16
846,Linda Goodman,smithwilliam@example.com,2024-05-08
847,Jacob Donaldson,carpenterjorge@example.net,2024-09-24
848,John Davis,hthomas@example.com,2023-11-01
849,Seth Davenport,sara44@example.net,2025-05-28
850,Kelly Graham,leslievang@example.org,2024-11-09
851,Mallory Gonzales,edgarhall@example.org,2024-09-07
852,John Wilson,wwilliams@example.net,2024-11-12
853,Brian Cortez,daviddavis@example.com,2024-02-09
854,Jordan Nelson,brandybonilla@example.net,2025-04-12
855,Thomas Sanchez,vrhodes@example.org,2024-04-24
856,Mrs. Jacqueline Hickman,hooderic@example.org,2024-08-31
857,Karen Fuller,brooke05@example.org,2025-01-21
858,Erika Dennis,jasonwilliams@example.net,2024-04-23
859,Natasha Payne,qdavis@example.org,2024-03-23
860,Jennifer Smith,frankchan@example.com,2025-01-15
861,Brittany Evans,tfitzgerald@example.net,2024-12-14
862,Brendan Richardson,tracymcclure@example.com,2024-04-13
863,Ann Henderson,christina66@example.org,2023-10-29
864,John Walker,sarahrose@example.net,2024-10-17
865,Jeffrey Solomon,ievans@example.net,2025-07-21
866,Kelly Phillips,arnoldsamantha@example.net,2023-12-17
867,Brandon Guerrero,michael91@example.net,2023-10-11
868,Julie Hartman,awilliams@example.net,2024-05-04
869,Jordan Santiago,matthew23@example.org,2023-11-26
870,Mrs. Megan Hamilton,smithdarryl@example.org,2025-01-21
871,Jared Sandoval,nturner@example.com,2025-02-15
872,Megan Ballard,martinezalexander@example.org,2025-05-18
873,Chelsea Johnson,pwong@example.org,2024-08-13
874,Rachel Lee,kayla27@example.com,2023-10-15
875,Christian Park,cruiz@example.net,2024-03-25
876,Ronald Myers,alan66@example.com,2025-03-21
877,Kristen Roberts,gross@example.net,2025-03-12
878,Susan Dillon,jenniferrice@example.com,2024-11-24
879,Debra Wong,nwilson@example.net,2024-06-09
880,Alisha Roberts,taylorkim@example.net,2024-03-08
881,Gina Guzman,sanderson@example.net,2025-03-03
882,Sandra Nunez,laura29@example.org,2024-04-23
883,Mary Anderson,ericvasquez@example.com,2025-08-19
884,David Hawkins DVM,nicole52@example.org,2025-05-27
885,Amanda Brown,owilson@example.org,2024-11-13
886,Dr. Richard Hammond,paula89@example.net,2023-12-15
887,Tracy Lloyd,villegaskimberly@example.net,2025-04-23
888,Samantha Williams,jacksondavid@example.org,2025-07-26
889,Edgar Alexander,goconnor@example.org,2025-01-15
890,Chad Allison,xmontes@example.org,2024-03-27
891,Gloria Wagner,adamsjennifer@example.com,2024-06-19
892,Brittany Molina,icobb@example.com,2024-07-28
893,Jimmy Phelps,sherry72@example.org,2025-03-07
894,Andrea Morgan,kholden@example.com,2023-11-13
895,Mary May,levinetina@example.net,2025-07-01
896,Jennifer Blackwell,jennifer55@example.org,2025-05-26
897,Lisa Thomas,ngriffin@example.net,2024-12-29
898,Jessica Reed,trowe@example.org,2023-10-27
899,Neil Singh,abigailfernandez@example.org,2023-12-06
900,Kelly Sherman,andrewzamora@example.net,2024-12-06
901,Raymond Barber,dennismckenzie@example.com,2024-12-31
902,Anthony Curtis,westashley@example.org,2024-08-26
903,Dr. Virginia Cunningham,michaelmitchell@example.net,2024-11-21
904,James Mclaughlin,murphybrandi@example.com,2024-08-27
905,Jeffery Jenkins,brownpamela@example.com,2024-03-05
906,Michael Powell,lwiggins@example.com,2025-01-07
907,Melissa Gould PhD,jcolon@example.net,2023-12-31
908,Beverly Bush,bensonstanley@example.org,2025-03-28
909,Jaclyn Crane,xrodriguez@example.net,2024-04-28
910,Autumn Torres,kevin70@example.org,2024-01-11
911,Amber Shannon,jason70@example.org,2024-11-03
912,Andrew Olson,ariel56@example.com,2025-05-31
913,Brandi Taylor,qgill@example.com,2024-01-16
914,Ann Weber,zhughes@example.com,2024-10-29
915,Stacy Fitzgerald,clinejasmine@example.net,2025-01-02
916,Ellen Brewer,leechristine@example.net,2025-04-05
917,Kelly Christensen,martinezsharon@example.org,2025-09-02
918,Daniel Gallegos,imiller@example.net,2024-05-21
919,Katherine Peck,samuel60@example.net,2024-05-19
920,Brian Garcia,justinwhite@example.org,2024-01-20
921,Meghan Brown,howard04@example.com,2023-12-11
922,Steven Scott,williamsjohn@example.net,2024-12-01
923,Paul Cruz Jr.,floresangela@example.org,2024-09-17
924,David Mercado,angela91@example.org,2025-04-09
925,Beth Carroll,omiller@example.net,2024-02-25
926,Jacqueline Galloway,amandahenderson@example.net,2024-08-25
927,John Calderon,denise20@example.org,2025-08-12
928,Mr. Ryan James,megan39@example.net,2024-04-22
929,Joseph Jones,fosterdavid@example.org,2025-03-13
930,Dr. Christine Wagner PhD,cynthia74@example.org,2025-01-26
931,Daniel Haley,allen20@example.net,2024-09-12
932,Megan Gutierrez,ifarmer@example.org,2025-04-27
933,Angela Johnson,wchambers@example.com,2025-05-26
934,Christopher Tate,martinezmitchell@example.org,2024-08-19
935,Alejandro Campbell,james94@example.net,2024-03-09
936,Tracy Johnson,tconway@example.net,2024-02-29
937,Roberto Foster,ashley72@example.net,2024-02-18
938,Megan Morrison,cameronanderson@example.org,2024-01-01
939,Savannah Ibarra,james08@example.net,2024-04-01
940,Jordan Pace,nashmarcus@example.com,2024-04-17
941,Julie Ward,stephensonjeffrey@example.com,2025-08-01
942,Emily Myers,christopher90@example.net,2024-03-12
943,Tina Stark,frankcollins@example.net,2024-12-30
944,Jeffrey Johnson,mary31@example.com,2024-03-22
945,Anthony Cook,sherryparsons@example.net,2024-08-15
946,Jeremy Martinez,rangelnicholas@example.net,2023-11-16
947,Thomas Ramos,cheryl61@example.org,2025-02-06
948,Elizabeth James,williamsonrobert@example.net,2025-04-27
949,Jody Marshall,nhobbs@example.org,2024-06-04
950,Rachel Gibson,briana11@example.org,2024-12-08
951,Richard Lee,danascott@example.com,2024-09-15
952,Charlene Taylor,brownlarry@example.com,2024-10-09
953,Heather Silva,dylanparker@example.com,2024-04-29
954,Kelly Sandoval,brianhunter@example.net,2025-06-18
955,Craig Gonzalez,kristenpeterson@example.net,2024-09-11
956,Julie Schwartz,christina65@example.org,2023-12-15
957,Susan Crawford,fowlerheather@example.com,2024-12-29
958,Nicholas Cisneros,lindsay63@example.com,2024-02-11
959,Heidi Jones MD,thomasscott@example.net,2024-12-01
960,Amanda Johnson,justinrobinson@example.com,2025-03-08
961,Julian White,thompsonjose@example.org,2023-10-15
962,Jamie Cobb,morganjason@example.com,2024-03-23
963,Mary Pugh,ejohns@example.org,2024-01-13
964,Rebecca Lee,ubenson@example.net,2024-08-08
965,Tammy Hines,melissaphillips@example.org,2024-05-26
966,Robert Salas,fclark@example.com,2025-04-30
967,Carol Hughes,victor72@example.com,2025-03-03
968,Karen Sosa,zadams@example.net,2025-08-03
969,Amanda Robinson,shannonyoung@example.org,2024-05-10
970,Laura Walls,jonathan12@example.org,2024-05-02
971,Crystal Williams,ronald76@example.com,2024-06-24
972,Mr. Alexander Alexander III,howardchristopher@example.net,2024-10-08
973,Rachel House,wilsonmichael@example.net,2024-02-23
974,Gary Turner,james92@example.net,2025-03-23
975,Alexa Evans,krista66@example.net,2025-04-05
976,Matthew Hays,michelleperez@example.net,2025-03-30
977,Jose Hartman,dsharp@example.com,2025-04-30
978,Cole Carrillo,cclark@example.net,2023-10-22
979,Shane Torres,porterdonna@example.com,2024-06-04
980,Michael Powell,mark09@example.org,2025-08-04
981,Troy Rivera,nbaird@example.com,2023-11-15
982,John Murphy,tfowler@example.org,2024-02-02
983,Cassandra Serrano,mjohnson@example.org,2025-07-27
984,Daniel Carter,gibsonmiguel@example.org,2024-02-02
985,Jennifer Moore,andersonrobert@example.net,2023-11-19
986,Sharon Anderson,kylemeyers@example.net,2024-09-11
987,Teresa Matthews,ahill@example.org,2024-08-20
988,Lisa Wright,renee77@example.com,2024-11-24
989,Donna Ibarra,treed@example.com,2024-07-11
990,Sarah Perry,rachelquinn@example.com,2024-07-07
991,Melissa Davis,allenmonica@example.com,2025-07-06
992,Mary Jones,reginajenkins@example.net,2023-12-27
993,Pedro Gordon,robert24@example.org,2024-10-03
994,Benjamin Neal,vjames@example.com,2025-06-16
995,Adam Wilson,markgoodman@example.com,2024-09-01
996,Matthew Reeves,rtaylor@example.org,2024-02-01
997,Brian Phillips,qjackson@example.org,2025-02-06
998,Hunter Robinson,staffordamanda@example.com,2025-02-20
999,Robin Davidson,myerskyle@example.org,2024-12-10
1000,James Harris,nicholasallen@example.org,2023-10-11
